{"cameraMode":{"drawMode":0,"name":"Shaded","section":"Shading Mode"},"sceneLighting":true,"audioPlay":false,"sceneViewState":{"showFog":true,"showMaterialUpdate":false,"showSkybox":true,"showFlares":true,"showImageEffects":true,"showParticleSystems":true},"in2DMode":false,"pivot":{"x":1.995603322982788,"y":2.2757318019866945,"z":1.4600162506103516},"rotation":{"x":-0.19454199075698853,"y":0.39945757389068606,"z":-0.08714194595813751,"w":-0.8916571736335754},"size":2.8330817222595217,"orthographic":false}