{"cameraMode":{"drawMode":0,"name":"Shaded","section":"Shading Mode"},"sceneLighting":true,"audioPlay":false,"sceneViewState":{"showFog":true,"showMaterialUpdate":false,"showSkybox":true,"showFlares":true,"showImageEffects":true,"showParticleSystems":true},"in2DMode":false,"pivot":{"x":0.19064879417419434,"y":3.0573501586914064,"z":0.4134860038757324},"rotation":{"x":0.08577148616313935,"y":-0.17982354760169984,"z":0.015727272257208825,"w":0.9798498749732971},"size":8.098457336425782,"orthographic":false}