{"cameraMode":{"drawMode":0,"name":"Shaded","section":"Shading Mode"},"sceneLighting":true,"audioPlay":false,"sceneViewState":{"showFog":true,"showMaterialUpdate":false,"showSkybox":true,"showFlares":true,"showImageEffects":true,"showParticleSystems":true},"in2DMode":false,"pivot":{"x":-1.0201735496520997,"y":1.892970323562622,"z":3.5415096282958986},"rotation":{"x":-0.13271862268447877,"y":0.3037721812725067,"z":-0.042533572763204578,"w":-0.9425933957099915},"size":6.758247375488281,"orthographic":false}