{"cameraMode":{"drawMode":0,"name":"Shaded","section":"Shading Mode"},"sceneLighting":false,"audioPlay":false,"sceneViewState":{"showFog":true,"showMaterialUpdate":false,"showSkybox":false,"showFlares":true,"showImageEffects":true,"showParticleSystems":true},"in2DMode":false,"pivot":{"x":-13.888631820678711,"y":2.4370906352996828,"z":0.03786659240722656},"rotation":{"x":-0.3835436999797821,"y":-0.4346899092197418,"z":0.21164031326770783,"w":-0.7872064709663391},"size":13.635787010192871,"orthographic":false}