{"cameraMode":{"drawMode":0,"name":"Shaded","section":"Shading Mode"},"sceneLighting":true,"audioPlay":false,"sceneViewState":{"showFog":true,"showMaterialUpdate":false,"showSkybox":true,"showFlares":true,"showImageEffects":true,"showParticleSystems":true},"in2DMode":false,"pivot":{"x":-4.133606433868408,"y":2.7856366634368898,"z":2.12666916847229},"rotation":{"x":0.11063466966152191,"y":-0.8351308703422546,"z":0.18220655620098115,"w":0.507104218006134},"size":5.039905071258545,"orthographic":false}