{"cameraMode":{"drawMode":0,"name":"Shaded","section":"Shading Mode"},"sceneLighting":true,"audioPlay":false,"sceneViewState":{"showFog":true,"showMaterialUpdate":false,"showSkybox":true,"showFlares":true,"showImageEffects":true,"showParticleSystems":true},"in2DMode":false,"pivot":{"x":0.19064879417419434,"y":3.0573501586914064,"z":0.4134860038757324},"rotation":{"x":0.09425898641347885,"y":-0.1972673237323761,"z":0.01904483325779438,"w":0.9756456613540649},"size":8.098457336425782,"orthographic":false}